{
  "20001": {
    "nearest_points": [
      {
        "id": 20004,
        "distance": 3900.0
      },
      {
        "id": 30005,
        "distance": 11250.0
      },
      {
        "id": 30002,
        "distance": 12583.818975176018
      },
      {
        "id": 100002,
        "distance": 24502.703932423457
      },
      {
        "id": 100005,
        "distance": 24834.955204308302
      },
      {
        "id": 110001,
        "distance": 25180.59768949101
      },
      {
        "id": 110004,
        "distance": 26164.766385351122
      },
      {
        "id": 40005,
        "distance": 26683.937115800585
      },
      {
        "id": 50002,
        "distance": 27157.825759806325
      },
      {
        "id": 50005,
        "distance": 27267.10472345753
      },
      {
        "id": 60002,
        "distance": 28660.68736091303
      },
      {
        "id": 40003,
        "distance": 30758.73859572268
      },
      {
        "id": 70002,
        "distance": 31699.014180254882
      },
      {
        "id": 60005,
        "distance": 33113.06388723339
      },
      {
        "id": 70005,
        "distance": 34500.615936530754
      },
      {
        "id": 90004,
        "distance": 37451.76898358741
      },
      {
        "id": 90002,
        "distance": 41458.262143992484
      },
      {
        "id": 80002,
        "distance": 42888.634858199905
      },
      {
        "id": 80005,
        "distance": 46998.35103490334
      }
    ]
  },
  "20004": {
    "nearest_points": [
      {
        "id": 20001,
        "distance": 3900.0
      },
      {
        "id": 30005,
        "distance": 15150.0
      },
      {
        "id": 30002,
        "distance": 16463.975826026955
      },
      {
        "id": 100002,
        "distance": 20603.21576841829
      },
      {
        "id": 100005,
        "distance": 20997.261726234687
      },
      {
        "id": 110001,
        "distance": 21766.315719478112
      },
      {
        "id": 110004,
        "distance": 22897.70730881151
      },
      {
        "id": 50005,
        "distance": 27188.324700135534
      },
      {
        "id": 60002,
        "distance": 27330.2945465284
      },
      {
        "id": 50002,
        "distance": 27514.49617928702
      },
      {
        "id": 70002,
        "distance": 28730.25408867802
      },
      {
        "id": 40005,
        "distance": 29804.571796957593
      },
      {
        "id": 70005,
        "distance": 31554.437088942024
      },
      {
        "id": 60005,
        "distance": 31968.50012121307
      },
      {
        "id": 90004,
        "distance": 33551.97460657122
      },
      {
        "id": 40003,
        "distance": 34084.74732193272
      },
      {
        "id": 90002,
        "distance": 37559.12006424006
      },
      {
        "id": 80002,
        "distance": 39528.913468497965
      },
      {
        "id": 80005,
        "distance": 43802.79671436517
      }
    ]
  },
  "110001": {
    "nearest_points": [
      {
        "id": 110004,
        "distance": 2050.0
      },
      {
        "id": 100005,
        "distance": 7553.310532475148
      },
      {
        "id": 70002,
        "distance": 8634.523727455962
      },
      {
        "id": 70005,
        "distance": 11222.299229658778
      },
      {
        "id": 100002,
        "distance": 11595.257651298654
      },
      {
        "id": 80002,
        "distance": 17780.6777148679
      },
      {
        "id": 60002,
        "distance": 18573.973726696182
      },
      {
        "id": 90004,
        "distance": 18813.625381621692
      },
      {
        "id": 20004,
        "distance": 21766.315719478112
      },
      {
        "id": 80005,
        "distance": 22221.667354183843
      },
      {
        "id": 90002,
        "distance": 22467.643401122423
      },
      {
        "id": 60005,
        "distance": 22617.52638994813
      },
      {
        "id": 20001,
        "distance": 25180.59768949101
      },
      {
        "id": 50005,
        "distance": 25528.660364382617
      },
      {
        "id": 50002,
        "distance": 27982.405186116506
      },
      {
        "id": 30005,
        "distance": 35593.187550428804
      },
      {
        "id": 30002,
        "distance": 37251.644259012246
      },
      {
        "id": 40005,
        "distance": 43513.27383684202
      },
      {
        "id": 40003,
        "distance": 48525.48299605064
      }
    ]
  },
  "110004": {
    "nearest_points": [
      {
        "id": 110001,
        "distance": 2050.0
      },
      {
        "id": 70002,
        "distance": 6703.170891451299
      },
      {
        "id": 70005,
        "distance": 9376.166594083106
      },
      {
        "id": 100005,
        "distance": 9538.343671728337
      },
      {
        "id": 100002,
        "distance": 13615.891450801155
      },
      {
        "id": 80002,
        "distance": 16762.905476080214
      },
      {
        "id": 60002,
        "distance": 16967.616214424466
      },
      {
        "id": 90004,
        "distance": 20122.002882417048
      },
      {
        "id": 60005,
        "distance": 20851.378851289428
      },
      {
        "id": 80005,
        "distance": 20922.117483658294
      },
      {
        "id": 20004,
        "distance": 22897.70730881151
      },
      {
        "id": 90002,
        "distance": 23630.54167809109
      },
      {
        "id": 50005,
        "distance": 24309.051812030844
      },
      {
        "id": 20001,
        "distance": 26164.766385351122
      },
      {
        "id": 50002,
        "distance": 26874.383713864027
      },
      {
        "id": 30005,
        "distance": 36296.108606846545
      },
      {
        "id": 30002,
        "distance": 38002.13809774392
      },
      {
        "id": 40005,
        "distance": 43297.19967850115
      },
      {
        "id": 40003,
        "distance": 48331.82181544577
      }
    ]
  },
  "30002": {
    "nearest_points": [
      {
        "id": 30005,
        "distance": 1914.4189719076646
      },
      {
        "id": 20001,
        "distance": 12583.818975176018
      },
      {
        "id": 20004,
        "distance": 16463.975826026955
      },
      {
        "id": 40005,
        "distance": 20078.471057329043
      },
      {
        "id": 40003,
        "distance": 22604.47964453064
      },
      {
        "id": 50002,
        "distance": 30998.14510579625
      },
      {
        "id": 50005,
        "distance": 32296.787765968304
      },
      {
        "id": 60002,
        "distance": 36652.59199565564
      },
      {
        "id": 100002,
        "distance": 37026.27445477063
      },
      {
        "id": 110001,
        "distance": 37251.644259012246
      },
      {
        "id": 100005,
        "distance": 37408.18760645856
      },
      {
        "id": 110004,
        "distance": 38002.13809774392
      },
      {
        "id": 60005,
        "distance": 40402.62986489865
      },
      {
        "id": 70002,
        "distance": 42937.45451234854
      },
      {
        "id": 70005,
        "distance": 45648.49395106042
      },
      {
        "id": 90004,
        "distance": 49969.46567655091
      },
      {
        "id": 90002,
        "distance": 53955.676253754806
      },
      {
        "id": 80002,
        "distance": 54723.37252034088
      },
      {
        "id": 80005,
        "distance": 58492.28581616554
      }
    ]
  },
  "30005": {
    "nearest_points": [
      {
        "id": 30002,
        "distance": 1914.4189719076646
      },
      {
        "id": 20001,
        "distance": 11250.0
      },
      {
        "id": 20004,
        "distance": 15150.0
      },
      {
        "id": 40005,
        "distance": 19338.30395872399
      },
      {
        "id": 40003,
        "distance": 22235.388460739785
      },
      {
        "id": 50002,
        "distance": 29184.49931042162
      },
      {
        "id": 50005,
        "distance": 30435.300228517543
      },
      {
        "id": 60002,
        "distance": 34738.27140201424
      },
      {
        "id": 110001,
        "distance": 35593.187550428804
      },
      {
        "id": 100002,
        "distance": 35751.85309882552
      },
      {
        "id": 100005,
        "distance": 35980.37659613918
      },
      {
        "id": 110004,
        "distance": 36296.108606846545
      },
      {
        "id": 60005,
        "distance": 38493.9930378754
      },
      {
        "id": 70002,
        "distance": 41143.225444780095
      },
      {
        "id": 70005,
        "distance": 43841.81793675988
      },
      {
        "id": 90004,
        "distance": 48701.36035061033
      },
      {
        "id": 90002,
        "distance": 52706.49865054593
      },
      {
        "id": 80002,
        "distance": 52996.43855958625
      },
      {
        "id": 80005,
        "distance": 56712.27821204153
      }
    ]
  },
  "40003": {
    "nearest_points": [
      {
        "id": 40005,
        "distance": 5050.0
      },
      {
        "id": 30005,
        "distance": 22235.388460739785
      },
      {
        "id": 30002,
        "distance": 22604.47964453064
      },
      {
        "id": 50002,
        "distance": 27160.771343980643
      },
      {
        "id": 50005,
        "distance": 30007.082497303865
      },
      {
        "id": 20001,
        "distance": 30758.73859572268
      },
      {
        "id": 20004,
        "distance": 34084.74732193272
      },
      {
        "id": 60002,
        "distance": 38358.63657639567
      },
      {
        "id": 60005,
        "distance": 39801.82156635548
      },
      {
        "id": 110004,
        "distance": 48331.82181544577
      },
      {
        "id": 110001,
        "distance": 48525.48299605064
      },
      {
        "id": 70002,
        "distance": 50720.48402765889
      },
      {
        "id": 100005,
        "distance": 51819.735622637054
      },
      {
        "id": 70005,
        "distance": 52810.72334289694
      },
      {
        "id": 100002,
        "distance": 53001.532996697366
      },
      {
        "id": 80002,
        "distance": 63277.52365571839
      },
      {
        "id": 90004,
        "distance": 65399.12078919716
      },
      {
        "id": 80005,
        "distance": 65486.296276396635
      },
      {
        "id": 90002,
        "distance": 69431.74706141277
      }
    ]
  },
  "40005": {
    "nearest_points": [
      {
        "id": 40003,
        "distance": 5050.0
      },
      {
        "id": 30005,
        "distance": 19338.30395872399
      },
      {
        "id": 30002,
        "distance": 20078.471057329043
      },
      {
        "id": 50002,
        "distance": 22565.349543049404
      },
      {
        "id": 50005,
        "distance": 25320.100710700186
      },
      {
        "id": 20001,
        "distance": 26683.937115800585
      },
      {
        "id": 20004,
        "distance": 29804.571796957593
      },
      {
        "id": 60002,
        "distance": 33483.839385590174
      },
      {
        "id": 60005,
        "distance": 35127.8735479391
      },
      {
        "id": 110004,
        "distance": 43297.19967850115
      },
      {
        "id": 110001,
        "distance": 43513.27383684202
      },
      {
        "id": 70002,
        "distance": 45678.27711286843
      },
      {
        "id": 100005,
        "distance": 46944.30210366323
      },
      {
        "id": 70005,
        "distance": 47782.999068706435
      },
      {
        "id": 100002,
        "distance": 48245.67338114372
      },
      {
        "id": 80002,
        "distance": 58238.582572037245
      },
      {
        "id": 80005,
        "distance": 60489.44122737455
      },
      {
        "id": 90004,
        "distance": 60537.034119619704
      },
      {
        "id": 90002,
        "distance": 64560.475524890615
      }
    ]
  },
  "50002": {
    "nearest_points": [
      {
        "id": 50005,
        "distance": 3050.0
      },
      {
        "id": 60002,
        "distance": 12083.563216204067
      },
      {
        "id": 60005,
        "distance": 12665.405638983695
      },
      {
        "id": 40005,
        "distance": 22565.349543049404
      },
      {
        "id": 70002,
        "distance": 26608.45730214362
      },
      {
        "id": 110004,
        "distance": 26874.383713864027
      },
      {
        "id": 20001,
        "distance": 27157.825759806325
      },
      {
        "id": 40003,
        "distance": 27160.771343980643
      },
      {
        "id": 20004,
        "distance": 27514.49617928702
      },
      {
        "id": 110001,
        "distance": 27982.405186116506
      },
      {
        "id": 70005,
        "distance": 28005.44589896758
      },
      {
        "id": 30005,
        "distance": 29184.49931042162
      },
      {
        "id": 30002,
        "distance": 30998.14510579625
      },
      {
        "id": 100005,
        "distance": 34075.100880261525
      },
      {
        "id": 100002,
        "distance": 37014.38909397263
      },
      {
        "id": 80002,
        "distance": 38510.55050242726
      },
      {
        "id": 80005,
        "distance": 39716.652678693856
      },
      {
        "id": 90004,
        "distance": 46760.693964054895
      },
      {
        "id": 90002,
        "distance": 50422.31648784097
      }
    ]
  },
  "50005": {
    "nearest_points": [
      {
        "id": 50002,
        "distance": 3050.0
      },
      {
        "id": 60002,
        "distance": 9044.888059008801
      },
      {
        "id": 60005,
        "distance": 9808.669634563088
      },
      {
        "id": 70002,
        "distance": 23701.529486512045
      },
      {
        "id": 110004,
        "distance": 24309.051812030844
      },
      {
        "id": 70005,
        "distance": 25023.239198792788
      },
      {
        "id": 40005,
        "distance": 25320.100710700186
      },
      {
        "id": 110001,
        "distance": 25528.660364382617
      },
      {
        "id": 20004,
        "distance": 27188.324700135534
      },
      {
        "id": 20001,
        "distance": 27267.10472345753
      },
      {
        "id": 40003,
        "distance": 30007.082497303865
      },
      {
        "id": 30005,
        "distance": 30435.300228517543
      },
      {
        "id": 100005,
        "distance": 31900.0
      },
      {
        "id": 30002,
        "distance": 32296.787765968304
      },
      {
        "id": 100002,
        "distance": 35022.31431530475
      },
      {
        "id": 80002,
        "distance": 35504.43634251923
      },
      {
        "id": 80005,
        "distance": 36668.037853149435
      },
      {
        "id": 90004,
        "distance": 44317.77295848698
      },
      {
        "id": 90002,
        "distance": 47911.50696857698
      }
    ]
  },
  "60002": {
    "nearest_points": [
      {
        "id": 60005,
        "distance": 4800.0
      },
      {
        "id": 50005,
        "distance": 9044.888059008801
      },
      {
        "id": 50002,
        "distance": 12083.563216204067
      },
      {
        "id": 70002,
        "distance": 15026.393446199923
      },
      {
        "id": 70005,
        "distance": 16086.718123967983
      },
      {
        "id": 110004,
        "distance": 16967.616214424466
      },
      {
        "id": 110001,
        "distance": 18573.973726696182
      },
      {
        "id": 100005,
        "distance": 25726.251184344757
      },
      {
        "id": 80002,
        "distance": 26495.754376880835
      },
      {
        "id": 20004,
        "distance": 27330.2945465284
      },
      {
        "id": 80005,
        "distance": 27651.13017581741
      },
      {
        "id": 20001,
        "distance": 28660.68736091303
      },
      {
        "id": 100002,
        "distance": 29382.350144261774
      },
      {
        "id": 40005,
        "distance": 33483.839385590174
      },
      {
        "id": 30005,
        "distance": 34738.27140201424
      },
      {
        "id": 30002,
        "distance": 36652.59199565564
      },
      {
        "id": 90004,
        "distance": 36982.76625673099
      },
      {
        "id": 40003,
        "distance": 38358.63657639567
      },
      {
        "id": 90002,
        "distance": 40323.7213064469
      }
    ]
  },
  "60005": {
    "nearest_points": [
      {
        "id": 60002,
        "distance": 4800.0
      },
      {
        "id": 50005,
        "distance": 9808.669634563088
      },
      {
        "id": 50002,
        "distance": 12665.405638983695
      },
      {
        "id": 70002,
        "distance": 17696.115392932992
      },
      {
        "id": 70005,
        "distance": 18068.27329879643
      },
      {
        "id": 110004,
        "distance": 20851.378851289428
      },
      {
        "id": 110001,
        "distance": 22617.52638994813
      },
      {
        "id": 80002,
        "distance": 27864.403815621106
      },
      {
        "id": 80005,
        "distance": 28107.383371633867
      },
      {
        "id": 100005,
        "distance": 29966.648127543394
      },
      {
        "id": 20004,
        "distance": 31968.50012121307
      },
      {
        "id": 20001,
        "distance": 33113.06388723339
      },
      {
        "id": 100002,
        "distance": 33753.85163207304
      },
      {
        "id": 40005,
        "distance": 35127.8735479391
      },
      {
        "id": 30005,
        "distance": 38493.9930378754
      },
      {
        "id": 40003,
        "distance": 39801.82156635548
      },
      {
        "id": 30002,
        "distance": 40402.62986489865
      },
      {
        "id": 90004,
        "distance": 40542.87853618684
      },
      {
        "id": 90002,
        "distance": 43683.43507555238
      }
    ]
  },
  "70002": {
    "nearest_points": [
      {
        "id": 70005,
        "distance": 2829.3108701590218
      },
      {
        "id": 110004,
        "distance": 6703.170891451299
      },
      {
        "id": 110001,
        "distance": 8634.523727455962
      },
      {
        "id": 80002,
        "distance": 12572.68865438097
      },
      {
        "id": 60002,
        "distance": 15026.393446199923
      },
      {
        "id": 100005,
        "distance": 15506.530882179934
      },
      {
        "id": 80005,
        "distance": 15596.233519667498
      },
      {
        "id": 60005,
        "distance": 17696.115392932992
      },
      {
        "id": 100002,
        "distance": 19655.151996359633
      },
      {
        "id": 90004,
        "distance": 23288.892202077797
      },
      {
        "id": 50005,
        "distance": 23701.529486512045
      },
      {
        "id": 90002,
        "distance": 26159.89296614189
      },
      {
        "id": 50002,
        "distance": 26608.45730214362
      },
      {
        "id": 20004,
        "distance": 28730.25408867802
      },
      {
        "id": 20001,
        "distance": 31699.014180254882
      },
      {
        "id": 30005,
        "distance": 41143.225444780095
      },
      {
        "id": 30002,
        "distance": 42937.45451234854
      },
      {
        "id": 40005,
        "distance": 45678.27711286843
      },
      {
        "id": 40003,
        "distance": 50720.48402765889
      }
    ]
  },
  "70005": {
    "nearest_points": [
      {
        "id": 70002,
        "distance": 2829.3108701590218
      },
      {
        "id": 110004,
        "distance": 9376.166594083106
      },
      {
        "id": 80002,
        "distance": 10573.19724586655
      },
      {
        "id": 110001,
        "distance": 11222.299229658778
      },
      {
        "id": 80005,
        "distance": 13016.23985642551
      },
      {
        "id": 60002,
        "distance": 16086.718123967983
      },
      {
        "id": 100005,
        "distance": 17713.34242880208
      },
      {
        "id": 60005,
        "distance": 18068.27329879643
      },
      {
        "id": 100002,
        "distance": 21832.31549790356
      },
      {
        "id": 90004,
        "distance": 24128.66552464102
      },
      {
        "id": 50005,
        "distance": 25023.239198792788
      },
      {
        "id": 90002,
        "distance": 26668.8019978401
      },
      {
        "id": 50002,
        "distance": 28005.44589896758
      },
      {
        "id": 20004,
        "distance": 31554.437088942024
      },
      {
        "id": 20001,
        "distance": 34500.615936530754
      },
      {
        "id": 30005,
        "distance": 43841.81793675988
      },
      {
        "id": 30002,
        "distance": 45648.49395106042
      },
      {
        "id": 40005,
        "distance": 47782.999068706435
      },
      {
        "id": 40003,
        "distance": 52810.72334289694
      }
    ]
  },
  "80002": {
    "nearest_points": [
      {
        "id": 80005,
        "distance": 5375.872022286245
      },
      {
        "id": 70005,
        "distance": 10573.19724586655
      },
      {
        "id": 70002,
        "distance": 12572.68865438097
      },
      {
        "id": 110004,
        "distance": 16762.905476080214
      },
      {
        "id": 110001,
        "distance": 17780.6777148679
      },
      {
        "id": 90004,
        "distance": 21000.0
      },
      {
        "id": 100005,
        "distance": 21251.47053735341
      },
      {
        "id": 90002,
        "distance": 22016.41433113031
      },
      {
        "id": 100002,
        "distance": 24671.896968007954
      },
      {
        "id": 60002,
        "distance": 26495.754376880835
      },
      {
        "id": 60005,
        "distance": 27864.403815621106
      },
      {
        "id": 50005,
        "distance": 35504.43634251923
      },
      {
        "id": 50002,
        "distance": 38510.55050242726
      },
      {
        "id": 20004,
        "distance": 39528.913468497965
      },
      {
        "id": 20001,
        "distance": 42888.634858199905
      },
      {
        "id": 30005,
        "distance": 52996.43855958625
      },
      {
        "id": 30002,
        "distance": 54723.37252034088
      },
      {
        "id": 40005,
        "distance": 58238.582572037245
      },
      {
        "id": 40003,
        "distance": 63277.52365571839
      }
    ]
  },
  "80005": {
    "nearest_points": [
      {
        "id": 80002,
        "distance": 5375.872022286245
      },
      {
        "id": 70005,
        "distance": 13016.23985642551
      },
      {
        "id": 70002,
        "distance": 15596.233519667498
      },
      {
        "id": 110004,
        "distance": 20922.117483658294
      },
      {
        "id": 110001,
        "distance": 22221.667354183843
      },
      {
        "id": 90004,
        "distance": 26155.305389155754
      },
      {
        "id": 100005,
        "distance": 26389.865479005384
      },
      {
        "id": 90002,
        "distance": 26848.69643018074
      },
      {
        "id": 60002,
        "distance": 27651.13017581741
      },
      {
        "id": 60005,
        "distance": 28107.383371633867
      },
      {
        "id": 100002,
        "distance": 29930.461072292223
      },
      {
        "id": 50005,
        "distance": 36668.037853149435
      },
      {
        "id": 50002,
        "distance": 39716.652678693856
      },
      {
        "id": 20004,
        "distance": 43802.79671436517
      },
      {
        "id": 20001,
        "distance": 46998.35103490334
      },
      {
        "id": 30005,
        "distance": 56712.27821204153
      },
      {
        "id": 30002,
        "distance": 58492.28581616554
      },
      {
        "id": 40005,
        "distance": 60489.44122737455
      },
      {
        "id": 40003,
        "distance": 65486.296276396635
      }
    ]
  },
  "90002": {
    "nearest_points": [
      {
        "id": 90004,
        "distance": 4052.468383590426
      },
      {
        "id": 100002,
        "distance": 16962.45854821759
      },
      {
        "id": 100005,
        "distance": 17616.540523042542
      },
      {
        "id": 80002,
        "distance": 22016.41433113031
      },
      {
        "id": 110001,
        "distance": 22467.643401122423
      },
      {
        "id": 110004,
        "distance": 23630.54167809109
      },
      {
        "id": 70002,
        "distance": 26159.89296614189
      },
      {
        "id": 70005,
        "distance": 26668.8019978401
      },
      {
        "id": 80005,
        "distance": 26848.69643018074
      },
      {
        "id": 20004,
        "distance": 37559.12006424006
      },
      {
        "id": 60002,
        "distance": 40323.7213064469
      },
      {
        "id": 20001,
        "distance": 41458.262143992484
      },
      {
        "id": 60005,
        "distance": 43683.43507555238
      },
      {
        "id": 50005,
        "distance": 47911.50696857698
      },
      {
        "id": 50002,
        "distance": 50422.31648784097
      },
      {
        "id": 30005,
        "distance": 52706.49865054593
      },
      {
        "id": 30002,
        "distance": 53955.676253754806
      },
      {
        "id": 40005,
        "distance": 64560.475524890615
      },
      {
        "id": 40003,
        "distance": 69431.74706141277
      }
    ]
  },
  "90004": {
    "nearest_points": [
      {
        "id": 90002,
        "distance": 4052.468383590426
      },
      {
        "id": 100002,
        "distance": 12950.0
      },
      {
        "id": 100005,
        "distance": 13598.713174414703
      },
      {
        "id": 110001,
        "distance": 18813.625381621692
      },
      {
        "id": 110004,
        "distance": 20122.002882417048
      },
      {
        "id": 80002,
        "distance": 21000.0
      },
      {
        "id": 70002,
        "distance": 23288.892202077797
      },
      {
        "id": 70005,
        "distance": 24128.66552464102
      },
      {
        "id": 80005,
        "distance": 26155.305389155754
      },
      {
        "id": 20004,
        "distance": 33551.97460657122
      },
      {
        "id": 60002,
        "distance": 36982.76625673099
      },
      {
        "id": 20001,
        "distance": 37451.76898358741
      },
      {
        "id": 60005,
        "distance": 40542.87853618684
      },
      {
        "id": 50005,
        "distance": 44317.77295848698
      },
      {
        "id": 50002,
        "distance": 46760.693964054895
      },
      {
        "id": 30005,
        "distance": 48701.36035061033
      },
      {
        "id": 30002,
        "distance": 49969.46567655091
      },
      {
        "id": 40005,
        "distance": 60537.034119619704
      },
      {
        "id": 40003,
        "distance": 65399.12078919716
      }
    ]
  },
  "100002": {
    "nearest_points": [
      {
        "id": 100005,
        "distance": 4150.0
      },
      {
        "id": 110001,
        "distance": 11595.257651298654
      },
      {
        "id": 90004,
        "distance": 12950.0
      },
      {
        "id": 110004,
        "distance": 13615.891450801155
      },
      {
        "id": 90002,
        "distance": 16962.45854821759
      },
      {
        "id": 70002,
        "distance": 19655.151996359633
      },
      {
        "id": 20004,
        "distance": 20603.21576841829
      },
      {
        "id": 70005,
        "distance": 21832.31549790356
      },
      {
        "id": 20001,
        "distance": 24502.703932423457
      },
      {
        "id": 80002,
        "distance": 24671.896968007954
      },
      {
        "id": 60002,
        "distance": 29382.350144261774
      },
      {
        "id": 80005,
        "distance": 29930.461072292223
      },
      {
        "id": 60005,
        "distance": 33753.85163207304
      },
      {
        "id": 50005,
        "distance": 35022.31431530475
      },
      {
        "id": 30005,
        "distance": 35751.85309882552
      },
      {
        "id": 50002,
        "distance": 37014.38909397263
      },
      {
        "id": 30002,
        "distance": 37026.27445477063
      },
      {
        "id": 40005,
        "distance": 48245.67338114372
      },
      {
        "id": 40003,
        "distance": 53001.532996697366
      }
    ]
  },
  "100005": {
    "nearest_points": [
      {
        "id": 100002,
        "distance": 4150.0
      },
      {
        "id": 110001,
        "distance": 7553.310532475148
      },
      {
        "id": 110004,
        "distance": 9538.343671728337
      },
      {
        "id": 90004,
        "distance": 13598.713174414703
      },
      {
        "id": 70002,
        "distance": 15506.530882179934
      },
      {
        "id": 90002,
        "distance": 17616.540523042542
      },
      {
        "id": 70005,
        "distance": 17713.34242880208
      },
      {
        "id": 20004,
        "distance": 20997.261726234687
      },
      {
        "id": 80002,
        "distance": 21251.47053735341
      },
      {
        "id": 20001,
        "distance": 24834.955204308302
      },
      {
        "id": 60002,
        "distance": 25726.251184344757
      },
      {
        "id": 80005,
        "distance": 26389.865479005384
      },
      {
        "id": 60005,
        "distance": 29966.648127543394
      },
      {
        "id": 50005,
        "distance": 31900.0
      },
      {
        "id": 50002,
        "distance": 34075.100880261525
      },
      {
        "id": 30005,
        "distance": 35980.37659613918
      },
      {
        "id": 30002,
        "distance": 37408.18760645856
      },
      {
        "id": 40005,
        "distance": 46944.30210366323
      },
      {
        "id": 40003,
        "distance": 51819.735622637054
      }
    ]
  }
}