{
  "20001": {
    "nearest_points": [
      {
        "id": 30002,
        "distance": 11250.0
      },
      {
        "id": 100002,
        "distance": 24502.703932423457
      },
      {
        "id": 110001,
        "distance": 26181.529749042547
      },
      {
        "id": 40003,
        "distance": 26683.937115800585
      },
      {
        "id": 50002,
        "distance": 27157.825759806325
      },
      {
        "id": 60002,
        "distance": 28660.68736091303
      },
      {
        "id": 70002,
        "distance": 34500.615936530754
      },
      {
        "id": 90002,
        "distance": 37451.76898358741
      },
      {
        "id": 80002,
        "distance": 42888.634858199905
      }
    ]
  },
  "110001": {
    "nearest_points": [
      {
        "id": 70002,
        "distance": 9446.9571820772
      },
      {
        "id": 100002,
        "distance": 13664.735635935296
      },
      {
        "id": 80002,
        "distance": 16802.60396486211
      },
      {
        "id": 60002,
        "distance": 17006.836860509953
      },
      {
        "id": 90002,
        "distance": 20155.08620671219
      },
      {
        "id": 20001,
        "distance": 26181.529749042547
      },
      {
        "id": 50002,
        "distance": 26899.16355576879
      },
      {
        "id": 30002,
        "distance": 36308.19466731994
      },
      {
        "id": 40003,
        "distance": 43307.33194275537
      }
    ]
  },
  "30002": {
    "nearest_points": [
      {
        "id": 20001,
        "distance": 11250.0
      },
      {
        "id": 40003,
        "distance": 19338.30395872399
      },
      {
        "id": 50002,
        "distance": 29184.49931042162
      },
      {
        "id": 60002,
        "distance": 34738.27140201424
      },
      {
        "id": 100002,
        "distance": 35751.85309882552
      },
      {
        "id": 110001,
        "distance": 36308.19466731994
      },
      {
        "id": 70002,
        "distance": 43841.81793675988
      },
      {
        "id": 90002,
        "distance": 48701.36035061033
      },
      {
        "id": 80002,
        "distance": 52996.43855958625
      }
    ]
  },
  "40003": {
    "nearest_points": [
      {
        "id": 30002,
        "distance": 19338.30395872399
      },
      {
        "id": 50002,
        "distance": 22565.349543049404
      },
      {
        "id": 20001,
        "distance": 26683.937115800585
      },
      {
        "id": 60002,
        "distance": 33483.839385590174
      },
      {
        "id": 110001,
        "distance": 43307.33194275537
      },
      {
        "id": 70002,
        "distance": 47782.999068706435
      },
      {
        "id": 100002,
        "distance": 48245.67338114372
      },
      {
        "id": 80002,
        "distance": 58238.582572037245
      },
      {
        "id": 90002,
        "distance": 60537.034119619704
      }
    ]
  },
  "50002": {
    "nearest_points": [
      {
        "id": 60002,
        "distance": 12083.563216204067
      },
      {
        "id": 40003,
        "distance": 22565.349543049404
      },
      {
        "id": 110001,
        "distance": 26899.16355576879
      },
      {
        "id": 20001,
        "distance": 27157.825759806325
      },
      {
        "id": 70002,
        "distance": 28005.44589896758
      },
      {
        "id": 30002,
        "distance": 29184.49931042162
      },
      {
        "id": 100002,
        "distance": 37014.38909397263
      },
      {
        "id": 80002,
        "distance": 38510.55050242726
      },
      {
        "id": 90002,
        "distance": 46760.693964054895
      }
    ]
  },
  "60002": {
    "nearest_points": [
      {
        "id": 50002,
        "distance": 12083.563216204067
      },
      {
        "id": 70002,
        "distance": 16086.718123967983
      },
      {
        "id": 110001,
        "distance": 17006.836860509953
      },
      {
        "id": 80002,
        "distance": 26495.754376880835
      },
      {
        "id": 20001,
        "distance": 28660.68736091303
      },
      {
        "id": 100002,
        "distance": 29382.350144261774
      },
      {
        "id": 40003,
        "distance": 33483.839385590174
      },
      {
        "id": 30002,
        "distance": 34738.27140201424
      },
      {
        "id": 90002,
        "distance": 36982.76625673099
      }
    ]
  },
  "70002": {
    "nearest_points": [
      {
        "id": 110001,
        "distance": 9446.9571820772
      },
      {
        "id": 80002,
        "distance": 10573.19724586655
      },
      {
        "id": 60002,
        "distance": 16086.718123967983
      },
      {
        "id": 100002,
        "distance": 21832.31549790356
      },
      {
        "id": 90002,
        "distance": 24128.66552464102
      },
      {
        "id": 50002,
        "distance": 28005.44589896758
      },
      {
        "id": 20001,
        "distance": 34500.615936530754
      },
      {
        "id": 30002,
        "distance": 43841.81793675988
      },
      {
        "id": 40003,
        "distance": 47782.999068706435
      }
    ]
  },
  "80002": {
    "nearest_points": [
      {
        "id": 70002,
        "distance": 10573.19724586655
      },
      {
        "id": 110001,
        "distance": 16802.60396486211
      },
      {
        "id": 90002,
        "distance": 21000.0
      },
      {
        "id": 100002,
        "distance": 24671.896968007954
      },
      {
        "id": 60002,
        "distance": 26495.754376880835
      },
      {
        "id": 50002,
        "distance": 38510.55050242726
      },
      {
        "id": 20001,
        "distance": 42888.634858199905
      },
      {
        "id": 30002,
        "distance": 52996.43855958625
      },
      {
        "id": 40003,
        "distance": 58238.582572037245
      }
    ]
  },
  "90002": {
    "nearest_points": [
      {
        "id": 100002,
        "distance": 12950.0
      },
      {
        "id": 110001,
        "distance": 20155.08620671219
      },
      {
        "id": 80002,
        "distance": 21000.0
      },
      {
        "id": 70002,
        "distance": 24128.66552464102
      },
      {
        "id": 60002,
        "distance": 36982.76625673099
      },
      {
        "id": 20001,
        "distance": 37451.76898358741
      },
      {
        "id": 50002,
        "distance": 46760.693964054895
      },
      {
        "id": 30002,
        "distance": 48701.36035061033
      },
      {
        "id": 40003,
        "distance": 60537.034119619704
      }
    ]
  },
  "100002": {
    "nearest_points": [
      {
        "id": 90002,
        "distance": 12950.0
      },
      {
        "id": 110001,
        "distance": 13664.735635935296
      },
      {
        "id": 70002,
        "distance": 21832.31549790356
      },
      {
        "id": 20001,
        "distance": 24502.703932423457
      },
      {
        "id": 80002,
        "distance": 24671.896968007954
      },
      {
        "id": 60002,
        "distance": 29382.350144261774
      },
      {
        "id": 30002,
        "distance": 35751.85309882552
      },
      {
        "id": 50002,
        "distance": 37014.38909397263
      },
      {
        "id": 40003,
        "distance": 48245.67338114372
      }
    ]
  }
}