{
  "20001": {
    "nearest_points": [
      {
        "id": 20003,
        "distance": 3900.0
      },
      {
        "id": 20006,
        "distance": 9900.0
      },
      {
        "id": 30004,
        "distance": 11250.0
      },
      {
        "id": 30002,
        "distance": 12583.818975176018
      },
      {
        "id": 30007,
        "distance": 13171.37046779871
      },
      {
        "id": 50002,
        "distance": 19753.354145562218
      },
      {
        "id": 100004,
        "distance": 24502.703932423457
      },
      {
        "id": 100007,
        "distance": 24834.955204308302
      },
      {
        "id": 110001,
        "distance": 25180.59768949101
      },
      {
        "id": 110003,
        "distance": 26164.766385351122
      },
      {
        "id": 100002,
        "distance": 26435.061944319328
      },
      {
        "id": 40007,
        "distance": 26683.937115800585
      },
      {
        "id": 50005,
        "distance": 27157.825759806325
      },
      {
        "id": 40002,
        "distance": 27260.640124545866
      },
      {
        "id": 50008,
        "distance": 27267.10472345753
      },
      {
        "id": 110006,
        "distance": 27903.80798385769
      },
      {
        "id": 60002,
        "distance": 28660.68736091303
      },
      {
        "id": 40005,
        "distance": 30758.73859572268
      },
      {
        "id": 70002,
        "distance": 31699.014180254882
      },
      {
        "id": 60005,
        "distance": 32426.60944348021
      },
      {
        "id": 60007,
        "distance": 33113.06388723339
      },
      {
        "id": 70004,
        "distance": 34500.615936530754
      },
      {
        "id": 70007,
        "distance": 35816.8256549907
      },
      {
        "id": 90004,
        "distance": 37451.76898358741
      },
      {
        "id": 90007,
        "distance": 38146.91992808856
      },
      {
        "id": 90002,
        "distance": 41458.262143992484
      },
      {
        "id": 80002,
        "distance": 42888.634858199905
      },
      {
        "id": 80004,
        "distance": 46998.35103490334
      },
      {
        "id": 80007,
        "distance": 48937.46008938347
      }
    ]
  },
  "20003": {
    "nearest_points": [
      {
        "id": 20001,
        "distance": 3900.0
      },
      {
        "id": 20006,
        "distance": 6000.0
      },
      {
        "id": 30004,
        "distance": 15150.0
      },
      {
        "id": 30002,
        "distance": 16463.975826026955
      },
      {
        "id": 30007,
        "distance": 16626.635257922753
      },
      {
        "id": 50002,
        "distance": 20115.29268989144
      },
      {
        "id": 100004,
        "distance": 20603.21576841829
      },
      {
        "id": 100007,
        "distance": 20997.261726234687
      },
      {
        "id": 110001,
        "distance": 21766.315719478112
      },
      {
        "id": 100002,
        "distance": 22575.70596902786
      },
      {
        "id": 110003,
        "distance": 22897.70730881151
      },
      {
        "id": 110006,
        "distance": 24866.29244579899
      },
      {
        "id": 50008,
        "distance": 27188.324700135534
      },
      {
        "id": 60002,
        "distance": 27330.2945465284
      },
      {
        "id": 50005,
        "distance": 27514.49617928702
      },
      {
        "id": 70002,
        "distance": 28730.25408867802
      },
      {
        "id": 40007,
        "distance": 29804.571796957593
      },
      {
        "id": 40002,
        "distance": 30775.192931970385
      },
      {
        "id": 60005,
        "distance": 30918.19852449363
      },
      {
        "id": 70004,
        "distance": 31554.437088942024
      },
      {
        "id": 60007,
        "distance": 31968.50012121307
      },
      {
        "id": 70007,
        "distance": 33165.267977207724
      },
      {
        "id": 90004,
        "distance": 33551.97460657122
      },
      {
        "id": 40005,
        "distance": 34084.74732193272
      },
      {
        "id": 90007,
        "distance": 34326.19262312673
      },
      {
        "id": 90002,
        "distance": 37559.12006424006
      },
      {
        "id": 80002,
        "distance": 39528.913468497965
      },
      {
        "id": 80004,
        "distance": 43802.79671436517
      },
      {
        "id": 80007,
        "distance": 46021.462384413644
      }
    ]
  },
  "20006": {
    "nearest_points": [
      {
        "id": 20003,
        "distance": 6000.0
      },
      {
        "id": 20001,
        "distance": 9900.0
      },
      {
        "id": 100004,
        "distance": 14604.536966299205
      },
      {
        "id": 100007,
        "distance": 15155.36208739336
      },
      {
        "id": 100002,
        "distance": 16675.206145652293
      },
      {
        "id": 110001,
        "distance": 16928.452380533785
      },
      {
        "id": 110003,
        "distance": 18360.419385188346
      },
      {
        "id": 110006,
        "distance": 20763.730397016814
      },
      {
        "id": 30004,
        "distance": 21150.0
      },
      {
        "id": 50002,
        "distance": 22050.51019817909
      },
      {
        "id": 30007,
        "distance": 22231.621623264462
      },
      {
        "id": 30002,
        "distance": 22446.881743351347
      },
      {
        "id": 70002,
        "distance": 24674.430084603777
      },
      {
        "id": 60002,
        "distance": 26301.045606591386
      },
      {
        "id": 70004,
        "distance": 27489.67988173016
      },
      {
        "id": 90004,
        "distance": 27552.40461375377
      },
      {
        "id": 50008,
        "distance": 28142.58339243219
      },
      {
        "id": 90007,
        "distance": 28490.12986983387
      },
      {
        "id": 50005,
        "distance": 29093.770810948517
      },
      {
        "id": 60005,
        "distance": 29467.524497317383
      },
      {
        "id": 70007,
        "distance": 29629.96793788343
      },
      {
        "id": 60007,
        "distance": 31093.166451810597
      },
      {
        "id": 90002,
        "distance": 31560.85391747188
      },
      {
        "id": 80002,
        "distance": 34582.29315704787
      },
      {
        "id": 40007,
        "distance": 34912.92740518904
      },
      {
        "id": 40002,
        "distance": 36336.104634371586
      },
      {
        "id": 80004,
        "distance": 39136.74743767039
      },
      {
        "id": 40005,
        "distance": 39407.740356432514
      },
      {
        "id": 80007,
        "distance": 41849.4324931653
      }
    ]
  },
  "110001": {
    "nearest_points": [
      {
        "id": 110003,
        "distance": 2050.0
      },
      {
        "id": 110006,
        "distance": 5200.0
      },
      {
        "id": 100007,
        "distance": 7553.310532475148
      },
      {
        "id": 70002,
        "distance": 8634.523727455962
      },
      {
        "id": 70004,
        "distance": 11222.299229658778
      },
      {
        "id": 100004,
        "distance": 11595.257651298654
      },
      {
        "id": 70007,
        "distance": 14265.430242372642
      },
      {
        "id": 100002,
        "distance": 15271.542161811949
      },
      {
        "id": 90007,
        "distance": 15504.676713817673
      },
      {
        "id": 20006,
        "distance": 16928.452380533785
      },
      {
        "id": 80002,
        "distance": 17780.6777148679
      },
      {
        "id": 60002,
        "distance": 18573.973726696182
      },
      {
        "id": 90004,
        "distance": 18813.625381621692
      },
      {
        "id": 60005,
        "distance": 19697.779062625308
      },
      {
        "id": 20003,
        "distance": 21766.315719478112
      },
      {
        "id": 80004,
        "distance": 22221.667354183843
      },
      {
        "id": 90002,
        "distance": 22467.643401122423
      },
      {
        "id": 60007,
        "distance": 22617.52638994813
      },
      {
        "id": 50002,
        "distance": 23951.04381858962
      },
      {
        "id": 80007,
        "distance": 25140.256561936672
      },
      {
        "id": 20001,
        "distance": 25180.59768949101
      },
      {
        "id": 50008,
        "distance": 25528.660364382617
      },
      {
        "id": 50005,
        "distance": 27982.405186116506
      },
      {
        "id": 30007,
        "distance": 34043.905475136075
      },
      {
        "id": 30004,
        "distance": 35593.187550428804
      },
      {
        "id": 30002,
        "distance": 37251.644259012246
      },
      {
        "id": 40007,
        "distance": 43513.27383684202
      },
      {
        "id": 40002,
        "distance": 46718.037201920204
      },
      {
        "id": 40005,
        "distance": 48525.48299605064
      }
    ]
  },
  "110003": {
    "nearest_points": [
      {
        "id": 110001,
        "distance": 2050.0
      },
      {
        "id": 110006,
        "distance": 3150.0
      },
      {
        "id": 70002,
        "distance": 6703.170891451299
      },
      {
        "id": 70004,
        "distance": 9376.166594083106
      },
      {
        "id": 100007,
        "distance": 9538.343671728337
      },
      {
        "id": 70007,
        "distance": 12268.251709188233
      },
      {
        "id": 100004,
        "distance": 13615.891450801155
      },
      {
        "id": 90007,
        "distance": 16161.760423914222
      },
      {
        "id": 80002,
        "distance": 16762.905476080214
      },
      {
        "id": 60002,
        "distance": 16967.616214424466
      },
      {
        "id": 100002,
        "distance": 17265.645079173846
      },
      {
        "id": 60005,
        "distance": 17861.130983227238
      },
      {
        "id": 20006,
        "distance": 18360.419385188346
      },
      {
        "id": 90004,
        "distance": 20122.002882417048
      },
      {
        "id": 60007,
        "distance": 20851.378851289428
      },
      {
        "id": 80004,
        "distance": 20922.117483658294
      },
      {
        "id": 20003,
        "distance": 22897.70730881151
      },
      {
        "id": 50002,
        "distance": 23306.865941177075
      },
      {
        "id": 80007,
        "distance": 23524.77417532419
      },
      {
        "id": 90002,
        "distance": 23630.54167809109
      },
      {
        "id": 50008,
        "distance": 24309.051812030844
      },
      {
        "id": 20001,
        "distance": 26164.766385351122
      },
      {
        "id": 50005,
        "distance": 26874.383713864027
      },
      {
        "id": 30007,
        "distance": 34372.00896078086
      },
      {
        "id": 30004,
        "distance": 36296.108606846545
      },
      {
        "id": 30002,
        "distance": 38002.13809774392
      },
      {
        "id": 40007,
        "distance": 43297.19967850115
      },
      {
        "id": 40002,
        "distance": 46708.1630981138
      },
      {
        "id": 40005,
        "distance": 48331.82181544577
      }
    ]
  },
  "110006": {
    "nearest_points": [
      {
        "id": 110003,
        "distance": 3150.0
      },
      {
        "id": 70002,
        "distance": 3974.292389847531
      },
      {
        "id": 110001,
        "distance": 5200.0
      },
      {
        "id": 70004,
        "distance": 6772.001181334806
      },
      {
        "id": 70007,
        "distance": 9244.593014297601
      },
      {
        "id": 100007,
        "distance": 12629.03400898105
      },
      {
        "id": 60002,
        "distance": 14715.722884044806
      },
      {
        "id": 60005,
        "distance": 15146.039086176954
      },
      {
        "id": 80002,
        "distance": 15599.759613532511
      },
      {
        "id": 100004,
        "distance": 16734.69449975111
      },
      {
        "id": 90007,
        "distance": 17594.17517248251
      },
      {
        "id": 60007,
        "distance": 18253.561296360775
      },
      {
        "id": 80004,
        "distance": 19182.34865703363
      },
      {
        "id": 100002,
        "distance": 20351.412727375955
      },
      {
        "id": 20006,
        "distance": 20763.730397016814
      },
      {
        "id": 80007,
        "distance": 21189.443126236234
      },
      {
        "id": 90004,
        "distance": 22350.671130863164
      },
      {
        "id": 50002,
        "distance": 22645.363763914236
      },
      {
        "id": 50008,
        "distance": 22669.638285601293
      },
      {
        "id": 20003,
        "distance": 24866.29244579899
      },
      {
        "id": 50005,
        "distance": 25401.082654091733
      },
      {
        "id": 90002,
        "distance": 25635.03462061247
      },
      {
        "id": 20001,
        "distance": 27903.80798385769
      },
      {
        "id": 30007,
        "distance": 35104.237635932215
      },
      {
        "id": 30004,
        "distance": 37569.06972497456
      },
      {
        "id": 30002,
        "distance": 39336.05216592026
      },
      {
        "id": 40007,
        "distance": 43153.273340501066
      },
      {
        "id": 40002,
        "distance": 46868.059486178856
      },
      {
        "id": 40005,
        "distance": 48202.930408845474
      }
    ]
  },
  "30002": {
    "nearest_points": [
      {
        "id": 30004,
        "distance": 1914.4189719076646
      },
      {
        "id": 30007,
        "distance": 8393.598751429568
      },
      {
        "id": 20001,
        "distance": 12583.818975176018
      },
      {
        "id": 20003,
        "distance": 16463.975826026955
      },
      {
        "id": 40002,
        "distance": 18245.27336051724
      },
      {
        "id": 40007,
        "distance": 20078.471057329043
      },
      {
        "id": 20006,
        "distance": 22446.881743351347
      },
      {
        "id": 40005,
        "distance": 22604.47964453064
      },
      {
        "id": 50002,
        "distance": 24664.194695955513
      },
      {
        "id": 50005,
        "distance": 30998.14510579625
      },
      {
        "id": 50008,
        "distance": 32296.787765968304
      },
      {
        "id": 60002,
        "distance": 36652.59199565564
      },
      {
        "id": 100004,
        "distance": 37026.27445477063
      },
      {
        "id": 110001,
        "distance": 37251.644259012246
      },
      {
        "id": 100007,
        "distance": 37408.18760645856
      },
      {
        "id": 110003,
        "distance": 38002.13809774392
      },
      {
        "id": 100002,
        "distance": 38755.83826986587
      },
      {
        "id": 110006,
        "distance": 39336.05216592026
      },
      {
        "id": 60007,
        "distance": 40402.62986489865
      },
      {
        "id": 60005,
        "distance": 40612.46729761687
      },
      {
        "id": 70002,
        "distance": 42937.45451234854
      },
      {
        "id": 70004,
        "distance": 45648.49395106042
      },
      {
        "id": 70007,
        "distance": 46361.86471659655
      },
      {
        "id": 90004,
        "distance": 49969.46567655091
      },
      {
        "id": 90007,
        "distance": 50703.20502690141
      },
      {
        "id": 90002,
        "distance": 53955.676253754806
      },
      {
        "id": 80002,
        "distance": 54723.37252034088
      },
      {
        "id": 80004,
        "distance": 58492.28581616554
      },
      {
        "id": 80007,
        "distance": 59840.015875666344
      }
    ]
  },
  "30004": {
    "nearest_points": [
      {
        "id": 30002,
        "distance": 1914.4189719076646
      },
      {
        "id": 30007,
        "distance": 6850.0
      },
      {
        "id": 20001,
        "distance": 11250.0
      },
      {
        "id": 20003,
        "distance": 15150.0
      },
      {
        "id": 40002,
        "distance": 18033.441158026384
      },
      {
        "id": 40007,
        "distance": 19338.30395872399
      },
      {
        "id": 20006,
        "distance": 21150.0
      },
      {
        "id": 40005,
        "distance": 22235.388460739785
      },
      {
        "id": 50002,
        "distance": 22781.73610592485
      },
      {
        "id": 50005,
        "distance": 29184.49931042162
      },
      {
        "id": 50008,
        "distance": 30435.300228517543
      },
      {
        "id": 60002,
        "distance": 34738.27140201424
      },
      {
        "id": 110001,
        "distance": 35593.187550428804
      },
      {
        "id": 100004,
        "distance": 35751.85309882552
      },
      {
        "id": 100007,
        "distance": 35980.37659613918
      },
      {
        "id": 110003,
        "distance": 36296.108606846545
      },
      {
        "id": 110006,
        "distance": 37569.06972497456
      },
      {
        "id": 100002,
        "distance": 37614.824205358185
      },
      {
        "id": 60007,
        "distance": 38493.9930378754
      },
      {
        "id": 60005,
        "distance": 38698.15887093338
      },
      {
        "id": 70002,
        "distance": 41143.225444780095
      },
      {
        "id": 70004,
        "distance": 43841.81793675988
      },
      {
        "id": 70007,
        "distance": 44507.3870273239
      },
      {
        "id": 90004,
        "distance": 48701.36035061033
      },
      {
        "id": 90007,
        "distance": 49237.94268650956
      },
      {
        "id": 90002,
        "distance": 52706.49865054593
      },
      {
        "id": 80002,
        "distance": 52996.43855958625
      },
      {
        "id": 80004,
        "distance": 56712.27821204153
      },
      {
        "id": 80007,
        "distance": 58000.538790600905
      }
    ]
  },
  "30007": {
    "nearest_points": [
      {
        "id": 30004,
        "distance": 6850.0
      },
      {
        "id": 30002,
        "distance": 8393.598751429568
      },
      {
        "id": 20001,
        "distance": 13171.37046779871
      },
      {
        "id": 40007,
        "distance": 13760.904766765883
      },
      {
        "id": 40002,
        "distance": 14148.939889617172
      },
      {
        "id": 20003,
        "distance": 16626.635257922753
      },
      {
        "id": 50002,
        "distance": 17185.895379641992
      },
      {
        "id": 40005,
        "distance": 17601.278362664456
      },
      {
        "id": 20006,
        "distance": 22231.621623264462
      },
      {
        "id": 50005,
        "distance": 22950.0
      },
      {
        "id": 50008,
        "distance": 24520.90944479833
      },
      {
        "id": 60002,
        "distance": 29900.58527855266
      },
      {
        "id": 60007,
        "distance": 33216.33634222775
      },
      {
        "id": 60005,
        "distance": 33839.547869320006
      },
      {
        "id": 110001,
        "distance": 34043.905475136075
      },
      {
        "id": 110003,
        "distance": 34372.00896078086
      },
      {
        "id": 110006,
        "distance": 35104.237635932215
      },
      {
        "id": 100007,
        "distance": 35861.19072200476
      },
      {
        "id": 100004,
        "distance": 36420.976098946056
      },
      {
        "id": 70002,
        "distance": 38364.72989609076
      },
      {
        "id": 100002,
        "distance": 38855.46937047602
      },
      {
        "id": 70004,
        "distance": 40903.63675762829
      },
      {
        "id": 70007,
        "distance": 41011.03510032391
      },
      {
        "id": 90007,
        "distance": 48702.900324313334
      },
      {
        "id": 90004,
        "distance": 49194.66434482504
      },
      {
        "id": 80002,
        "distance": 50687.424475899345
      },
      {
        "id": 90002,
        "distance": 53246.33790224451
      },
      {
        "id": 80004,
        "distance": 53916.64863472135
      },
      {
        "id": 80007,
        "distance": 54584.20101091524
      }
    ]
  },
  "40002": {
    "nearest_points": [
      {
        "id": 40005,
        "distance": 4601.3584950533905
      },
      {
        "id": 40007,
        "distance": 5614.712815451918
      },
      {
        "id": 30007,
        "distance": 14148.939889617172
      },
      {
        "id": 30004,
        "distance": 18033.441158026384
      },
      {
        "id": 30002,
        "distance": 18245.27336051724
      },
      {
        "id": 50002,
        "distance": 25346.646721016175
      },
      {
        "id": 20001,
        "distance": 27260.640124545866
      },
      {
        "id": 50005,
        "distance": 27795.773059945644
      },
      {
        "id": 50008,
        "distance": 30433.082328282162
      },
      {
        "id": 20003,
        "distance": 30775.192931970385
      },
      {
        "id": 20006,
        "distance": 36336.104634371586
      },
      {
        "id": 60002,
        "distance": 38240.064068983986
      },
      {
        "id": 60007,
        "distance": 40210.22879815532
      },
      {
        "id": 60005,
        "distance": 41835.89965567849
      },
      {
        "id": 110003,
        "distance": 46708.1630981138
      },
      {
        "id": 110001,
        "distance": 46718.037201920204
      },
      {
        "id": 110006,
        "distance": 46868.059486178856
      },
      {
        "id": 100007,
        "distance": 49437.460493030994
      },
      {
        "id": 70002,
        "distance": 49647.20535941575
      },
      {
        "id": 100004,
        "distance": 50317.34293461848
      },
      {
        "id": 70007,
        "distance": 51201.29392896238
      },
      {
        "id": 70004,
        "distance": 51896.3871574891
      },
      {
        "id": 100002,
        "distance": 52895.037574426584
      },
      {
        "id": 90007,
        "distance": 61878.388796089384
      },
      {
        "id": 80002,
        "distance": 62213.88510614009
      },
      {
        "id": 90004,
        "distance": 62935.42325272787
      },
      {
        "id": 80007,
        "distance": 64497.654996131445
      },
      {
        "id": 80004,
        "distance": 64763.01027592834
      },
      {
        "id": 90002,
        "distance": 66984.58777957807
      }
    ]
  },
  "40005": {
    "nearest_points": [
      {
        "id": 40002,
        "distance": 4601.3584950533905
      },
      {
        "id": 40007,
        "distance": 5050.0
      },
      {
        "id": 30007,
        "distance": 17601.278362664456
      },
      {
        "id": 30004,
        "distance": 22235.388460739785
      },
      {
        "id": 30002,
        "distance": 22604.47964453064
      },
      {
        "id": 50002,
        "distance": 25959.295059766166
      },
      {
        "id": 50005,
        "distance": 27160.771343980643
      },
      {
        "id": 50008,
        "distance": 30007.082497303865
      },
      {
        "id": 20001,
        "distance": 30758.73859572268
      },
      {
        "id": 20003,
        "distance": 34084.74732193272
      },
      {
        "id": 60002,
        "distance": 38358.63657639567
      },
      {
        "id": 20006,
        "distance": 39407.740356432514
      },
      {
        "id": 60007,
        "distance": 39801.82156635548
      },
      {
        "id": 60005,
        "distance": 41739.60948547554
      },
      {
        "id": 110006,
        "distance": 48202.930408845474
      },
      {
        "id": 110003,
        "distance": 48331.82181544577
      },
      {
        "id": 110001,
        "distance": 48525.48299605064
      },
      {
        "id": 70002,
        "distance": 50720.48402765889
      },
      {
        "id": 70007,
        "distance": 51778.90497104009
      },
      {
        "id": 100007,
        "distance": 51819.735622637054
      },
      {
        "id": 70004,
        "distance": 52810.72334289694
      },
      {
        "id": 100004,
        "distance": 53001.532996697366
      },
      {
        "id": 100002,
        "distance": 55766.41014087244
      },
      {
        "id": 80002,
        "distance": 63277.52365571839
      },
      {
        "id": 90007,
        "distance": 63884.01599774391
      },
      {
        "id": 80007,
        "distance": 64816.70309418707
      },
      {
        "id": 90004,
        "distance": 65399.12078919716
      },
      {
        "id": 80004,
        "distance": 65486.296276396635
      },
      {
        "id": 90002,
        "distance": 69431.74706141277
      }
    ]
  },
  "40007": {
    "nearest_points": [
      {
        "id": 40005,
        "distance": 5050.0
      },
      {
        "id": 40002,
        "distance": 5614.712815451918
      },
      {
        "id": 30007,
        "distance": 13760.904766765883
      },
      {
        "id": 30004,
        "distance": 19338.30395872399
      },
      {
        "id": 30002,
        "distance": 20078.471057329043
      },
      {
        "id": 50002,
        "distance": 20947.732574195234
      },
      {
        "id": 50005,
        "distance": 22565.349543049404
      },
      {
        "id": 50008,
        "distance": 25320.100710700186
      },
      {
        "id": 20001,
        "distance": 26683.937115800585
      },
      {
        "id": 20003,
        "distance": 29804.571796957593
      },
      {
        "id": 60002,
        "distance": 33483.839385590174
      },
      {
        "id": 20006,
        "distance": 34912.92740518904
      },
      {
        "id": 60007,
        "distance": 35127.8735479391
      },
      {
        "id": 60005,
        "distance": 36941.94770176581
      },
      {
        "id": 110006,
        "distance": 43153.273340501066
      },
      {
        "id": 110003,
        "distance": 43297.19967850115
      },
      {
        "id": 110001,
        "distance": 43513.27383684202
      },
      {
        "id": 70002,
        "distance": 45678.27711286843
      },
      {
        "id": 70007,
        "distance": 46802.2168278384
      },
      {
        "id": 100007,
        "distance": 46944.30210366323
      },
      {
        "id": 70004,
        "distance": 47782.999068706435
      },
      {
        "id": 100004,
        "distance": 48245.67338114372
      },
      {
        "id": 100002,
        "distance": 51099.95107629752
      },
      {
        "id": 80002,
        "distance": 58238.582572037245
      },
      {
        "id": 90007,
        "distance": 58896.98634055906
      },
      {
        "id": 80007,
        "distance": 59907.36599117007
      },
      {
        "id": 80004,
        "distance": 60489.44122737455
      },
      {
        "id": 90004,
        "distance": 60537.034119619704
      },
      {
        "id": 90002,
        "distance": 64560.475524890615
      }
    ]
  },
  "50002": {
    "nearest_points": [
      {
        "id": 50005,
        "distance": 7428.492444635049
      },
      {
        "id": 50008,
        "distance": 7779.46013551069
      },
      {
        "id": 60002,
        "distance": 13122.880781291888
      },
      {
        "id": 60007,
        "distance": 16051.479682571324
      },
      {
        "id": 60005,
        "distance": 16946.09099468075
      },
      {
        "id": 30007,
        "distance": 17185.895379641992
      },
      {
        "id": 20001,
        "distance": 19753.354145562218
      },
      {
        "id": 20003,
        "distance": 20115.29268989144
      },
      {
        "id": 40007,
        "distance": 20947.732574195234
      },
      {
        "id": 20006,
        "distance": 22050.51019817909
      },
      {
        "id": 110006,
        "distance": 22645.363763914236
      },
      {
        "id": 30004,
        "distance": 22781.73610592485
      },
      {
        "id": 110003,
        "distance": 23306.865941177075
      },
      {
        "id": 110001,
        "distance": 23951.04381858962
      },
      {
        "id": 30002,
        "distance": 24664.194695955513
      },
      {
        "id": 70002,
        "distance": 24850.804815941072
      },
      {
        "id": 40002,
        "distance": 25346.646721016175
      },
      {
        "id": 70007,
        "distance": 25890.925051067603
      },
      {
        "id": 40005,
        "distance": 25959.295059766166
      },
      {
        "id": 70004,
        "distance": 26863.77672629074
      },
      {
        "id": 100007,
        "distance": 29014.651471282574
      },
      {
        "id": 100004,
        "distance": 31454.45119533959
      },
      {
        "id": 100002,
        "distance": 34953.86244751787
      },
      {
        "id": 80002,
        "distance": 37367.69995597802
      },
      {
        "id": 80007,
        "distance": 39154.629355926736
      },
      {
        "id": 90007,
        "distance": 39386.196820713725
      },
      {
        "id": 80004,
        "distance": 39546.997357574444
      },
      {
        "id": 90004,
        "distance": 42297.1039197721
      },
      {
        "id": 90002,
        "distance": 46152.70847956813
      }
    ]
  },
  "50005": {
    "nearest_points": [
      {
        "id": 50008,
        "distance": 3050.0
      },
      {
        "id": 50002,
        "distance": 7428.492444635049
      },
      {
        "id": 60002,
        "distance": 12083.563216204067
      },
      {
        "id": 60007,
        "distance": 12665.405638983695
      },
      {
        "id": 60005,
        "distance": 14884.975646604196
      },
      {
        "id": 40007,
        "distance": 22565.349543049404
      },
      {
        "id": 30007,
        "distance": 22950.0
      },
      {
        "id": 110006,
        "distance": 25401.082654091733
      },
      {
        "id": 70007,
        "distance": 26019.463868419734
      },
      {
        "id": 70002,
        "distance": 26608.45730214362
      },
      {
        "id": 110003,
        "distance": 26874.383713864027
      },
      {
        "id": 20001,
        "distance": 27157.825759806325
      },
      {
        "id": 40005,
        "distance": 27160.771343980643
      },
      {
        "id": 20003,
        "distance": 27514.49617928702
      },
      {
        "id": 40002,
        "distance": 27795.773059945644
      },
      {
        "id": 110001,
        "distance": 27982.405186116506
      },
      {
        "id": 70004,
        "distance": 28005.44589896758
      },
      {
        "id": 20006,
        "distance": 29093.770810948517
      },
      {
        "id": 30004,
        "distance": 29184.49931042162
      },
      {
        "id": 30002,
        "distance": 30998.14510579625
      },
      {
        "id": 100007,
        "distance": 34075.100880261525
      },
      {
        "id": 100004,
        "distance": 37014.38909397263
      },
      {
        "id": 80007,
        "distance": 38248.16989085883
      },
      {
        "id": 80002,
        "distance": 38510.55050242726
      },
      {
        "id": 80004,
        "distance": 39716.652678693856
      },
      {
        "id": 100002,
        "distance": 40681.506855080974
      },
      {
        "id": 90007,
        "distance": 42895.33774199709
      },
      {
        "id": 90004,
        "distance": 46760.693964054895
      },
      {
        "id": 90002,
        "distance": 50422.31648784097
      }
    ]
  },
  "50008": {
    "nearest_points": [
      {
        "id": 50005,
        "distance": 3050.0
      },
      {
        "id": 50002,
        "distance": 7779.46013551069
      },
      {
        "id": 60002,
        "distance": 9044.888059008801
      },
      {
        "id": 60007,
        "distance": 9808.669634563088
      },
      {
        "id": 60005,
        "distance": 11869.709347747315
      },
      {
        "id": 110006,
        "distance": 22669.638285601293
      },
      {
        "id": 70007,
        "distance": 22978.685776170925
      },
      {
        "id": 70002,
        "distance": 23701.529486512045
      },
      {
        "id": 110003,
        "distance": 24309.051812030844
      },
      {
        "id": 30007,
        "distance": 24520.90944479833
      },
      {
        "id": 70004,
        "distance": 25023.239198792788
      },
      {
        "id": 40007,
        "distance": 25320.100710700186
      },
      {
        "id": 110001,
        "distance": 25528.660364382617
      },
      {
        "id": 20003,
        "distance": 27188.324700135534
      },
      {
        "id": 20001,
        "distance": 27267.10472345753
      },
      {
        "id": 20006,
        "distance": 28142.58339243219
      },
      {
        "id": 40005,
        "distance": 30007.082497303865
      },
      {
        "id": 40002,
        "distance": 30433.082328282162
      },
      {
        "id": 30004,
        "distance": 30435.300228517543
      },
      {
        "id": 100007,
        "distance": 31900.0
      },
      {
        "id": 30002,
        "distance": 32296.787765968304
      },
      {
        "id": 100004,
        "distance": 35022.31431530475
      },
      {
        "id": 80007,
        "distance": 35219.66780081834
      },
      {
        "id": 80002,
        "distance": 35504.43634251923
      },
      {
        "id": 80004,
        "distance": 36668.037853149435
      },
      {
        "id": 100002,
        "distance": 38744.193113291185
      },
      {
        "id": 90007,
        "distance": 40218.31050653421
      },
      {
        "id": 90004,
        "distance": 44317.77295848698
      },
      {
        "id": 90002,
        "distance": 47911.50696857698
      }
    ]
  },
  "60002": {
    "nearest_points": [
      {
        "id": 60005,
        "distance": 3962.32255123179
      },
      {
        "id": 60007,
        "distance": 4800.0
      },
      {
        "id": 50008,
        "distance": 9044.888059008801
      },
      {
        "id": 50005,
        "distance": 12083.563216204067
      },
      {
        "id": 50002,
        "distance": 13122.880781291888
      },
      {
        "id": 70007,
        "distance": 13935.924798878616
      },
      {
        "id": 110006,
        "distance": 14715.722884044806
      },
      {
        "id": 70002,
        "distance": 15026.393446199923
      },
      {
        "id": 70004,
        "distance": 16086.718123967983
      },
      {
        "id": 110003,
        "distance": 16967.616214424466
      },
      {
        "id": 110001,
        "distance": 18573.973726696182
      },
      {
        "id": 100007,
        "distance": 25726.251184344757
      },
      {
        "id": 20006,
        "distance": 26301.045606591386
      },
      {
        "id": 80007,
        "distance": 26475.743615619183
      },
      {
        "id": 80002,
        "distance": 26495.754376880835
      },
      {
        "id": 20003,
        "distance": 27330.2945465284
      },
      {
        "id": 80004,
        "distance": 27651.13017581741
      },
      {
        "id": 20001,
        "distance": 28660.68736091303
      },
      {
        "id": 100004,
        "distance": 29382.350144261774
      },
      {
        "id": 30007,
        "distance": 29900.58527855266
      },
      {
        "id": 90007,
        "distance": 32162.12834997087
      },
      {
        "id": 100002,
        "distance": 33183.61794620954
      },
      {
        "id": 40007,
        "distance": 33483.839385590174
      },
      {
        "id": 30004,
        "distance": 34738.27140201424
      },
      {
        "id": 30002,
        "distance": 36652.59199565564
      },
      {
        "id": 90004,
        "distance": 36982.76625673099
      },
      {
        "id": 40002,
        "distance": 38240.064068983986
      },
      {
        "id": 40005,
        "distance": 38358.63657639567
      },
      {
        "id": 90002,
        "distance": 40323.7213064469
      }
    ]
  },
  "60005": {
    "nearest_points": [
      {
        "id": 60007,
        "distance": 3301.5148038438356
      },
      {
        "id": 60002,
        "distance": 3962.32255123179
      },
      {
        "id": 70007,
        "distance": 11859.595271340419
      },
      {
        "id": 50008,
        "distance": 11869.709347747315
      },
      {
        "id": 70002,
        "distance": 14412.581309397703
      },
      {
        "id": 70004,
        "distance": 14774.725039742703
      },
      {
        "id": 50005,
        "distance": 14884.975646604196
      },
      {
        "id": 110006,
        "distance": 15146.039086176954
      },
      {
        "id": 50002,
        "distance": 16946.09099468075
      },
      {
        "id": 110003,
        "distance": 17861.130983227238
      },
      {
        "id": 110001,
        "distance": 19697.779062625308
      },
      {
        "id": 80007,
        "distance": 23368.461652406648
      },
      {
        "id": 80002,
        "distance": 24670.32630509779
      },
      {
        "id": 80004,
        "distance": 25148.061555515567
      },
      {
        "id": 100007,
        "distance": 27131.16289435453
      },
      {
        "id": 20006,
        "distance": 29467.524497317383
      },
      {
        "id": 20003,
        "distance": 30918.19852449363
      },
      {
        "id": 100004,
        "distance": 31010.52240772477
      },
      {
        "id": 90007,
        "distance": 31940.13932342813
      },
      {
        "id": 20001,
        "distance": 32426.60944348021
      },
      {
        "id": 30007,
        "distance": 33839.547869320006
      },
      {
        "id": 100002,
        "distance": 34785.377675109405
      },
      {
        "id": 40007,
        "distance": 36941.94770176581
      },
      {
        "id": 90004,
        "distance": 37364.75612124345
      },
      {
        "id": 30004,
        "distance": 38698.15887093338
      },
      {
        "id": 90002,
        "distance": 40454.57328906091
      },
      {
        "id": 30002,
        "distance": 40612.46729761687
      },
      {
        "id": 40005,
        "distance": 41739.60948547554
      },
      {
        "id": 40002,
        "distance": 41835.89965567849
      }
    ]
  },
  "60007": {
    "nearest_points": [
      {
        "id": 60005,
        "distance": 3301.5148038438356
      },
      {
        "id": 60002,
        "distance": 4800.0
      },
      {
        "id": 50008,
        "distance": 9808.669634563088
      },
      {
        "id": 50005,
        "distance": 12665.405638983695
      },
      {
        "id": 70007,
        "distance": 15061.54042586614
      },
      {
        "id": 50002,
        "distance": 16051.479682571324
      },
      {
        "id": 70002,
        "distance": 17696.115392932992
      },
      {
        "id": 70004,
        "distance": 18068.27329879643
      },
      {
        "id": 110006,
        "distance": 18253.561296360775
      },
      {
        "id": 110003,
        "distance": 20851.378851289428
      },
      {
        "id": 110001,
        "distance": 22617.52638994813
      },
      {
        "id": 80007,
        "distance": 25953.901440823884
      },
      {
        "id": 80002,
        "distance": 27864.403815621106
      },
      {
        "id": 80004,
        "distance": 28107.383371633867
      },
      {
        "id": 100007,
        "distance": 29966.648127543394
      },
      {
        "id": 20006,
        "distance": 31093.166451810597
      },
      {
        "id": 20003,
        "distance": 31968.50012121307
      },
      {
        "id": 20001,
        "distance": 33113.06388723339
      },
      {
        "id": 30007,
        "distance": 33216.33634222775
      },
      {
        "id": 100004,
        "distance": 33753.85163207304
      },
      {
        "id": 40007,
        "distance": 35127.8735479391
      },
      {
        "id": 90007,
        "distance": 35211.397302578036
      },
      {
        "id": 100002,
        "distance": 37547.203624238115
      },
      {
        "id": 30004,
        "distance": 38493.9930378754
      },
      {
        "id": 40005,
        "distance": 39801.82156635548
      },
      {
        "id": 40002,
        "distance": 40210.22879815532
      },
      {
        "id": 30002,
        "distance": 40402.62986489865
      },
      {
        "id": 90004,
        "distance": 40542.87853618684
      },
      {
        "id": 90002,
        "distance": 43683.43507555238
      }
    ]
  },
  "70002": {
    "nearest_points": [
      {
        "id": 70004,
        "distance": 2829.3108701590218
      },
      {
        "id": 110006,
        "distance": 3974.292389847531
      },
      {
        "id": 70007,
        "distance": 5717.735565763775
      },
      {
        "id": 110003,
        "distance": 6703.170891451299
      },
      {
        "id": 110001,
        "distance": 8634.523727455962
      },
      {
        "id": 80002,
        "distance": 12572.68865438097
      },
      {
        "id": 60005,
        "distance": 14412.581309397703
      },
      {
        "id": 60002,
        "distance": 15026.393446199923
      },
      {
        "id": 100007,
        "distance": 15506.530882179934
      },
      {
        "id": 80004,
        "distance": 15596.233519667498
      },
      {
        "id": 80007,
        "distance": 17293.134475854862
      },
      {
        "id": 90007,
        "distance": 17536.81841155915
      },
      {
        "id": 60007,
        "distance": 17696.115392932992
      },
      {
        "id": 100004,
        "distance": 19655.151996359633
      },
      {
        "id": 100002,
        "distance": 23083.868826520393
      },
      {
        "id": 90004,
        "distance": 23288.892202077797
      },
      {
        "id": 50008,
        "distance": 23701.529486512045
      },
      {
        "id": 20006,
        "distance": 24674.430084603777
      },
      {
        "id": 50002,
        "distance": 24850.804815941072
      },
      {
        "id": 90002,
        "distance": 26159.89296614189
      },
      {
        "id": 50005,
        "distance": 26608.45730214362
      },
      {
        "id": 20003,
        "distance": 28730.25408867802
      },
      {
        "id": 20001,
        "distance": 31699.014180254882
      },
      {
        "id": 30007,
        "distance": 38364.72989609076
      },
      {
        "id": 30004,
        "distance": 41143.225444780095
      },
      {
        "id": 30002,
        "distance": 42937.45451234854
      },
      {
        "id": 40007,
        "distance": 45678.27711286843
      },
      {
        "id": 40002,
        "distance": 49647.20535941575
      },
      {
        "id": 40005,
        "distance": 50720.48402765889
      }
    ]
  },
  "70004": {
    "nearest_points": [
      {
        "id": 70002,
        "distance": 2829.3108701590218
      },
      {
        "id": 70007,
        "distance": 3946.2007044751285
      },
      {
        "id": 110006,
        "distance": 6772.001181334806
      },
      {
        "id": 110003,
        "distance": 9376.166594083106
      },
      {
        "id": 80002,
        "distance": 10573.19724586655
      },
      {
        "id": 110001,
        "distance": 11222.299229658778
      },
      {
        "id": 80004,
        "distance": 13016.23985642551
      },
      {
        "id": 80007,
        "distance": 14467.636296230286
      },
      {
        "id": 60005,
        "distance": 14774.725039742703
      },
      {
        "id": 60002,
        "distance": 16086.718123967983
      },
      {
        "id": 100007,
        "distance": 17713.34242880208
      },
      {
        "id": 90007,
        "distance": 17810.811323463062
      },
      {
        "id": 60007,
        "distance": 18068.27329879643
      },
      {
        "id": 100004,
        "distance": 21832.31549790356
      },
      {
        "id": 90004,
        "distance": 24128.66552464102
      },
      {
        "id": 50008,
        "distance": 25023.239198792788
      },
      {
        "id": 100002,
        "distance": 25109.759058979438
      },
      {
        "id": 90002,
        "distance": 26668.8019978401
      },
      {
        "id": 50002,
        "distance": 26863.77672629074
      },
      {
        "id": 20006,
        "distance": 27489.67988173016
      },
      {
        "id": 50005,
        "distance": 28005.44589896758
      },
      {
        "id": 20003,
        "distance": 31554.437088942024
      },
      {
        "id": 20001,
        "distance": 34500.615936530754
      },
      {
        "id": 30007,
        "distance": 40903.63675762829
      },
      {
        "id": 30004,
        "distance": 43841.81793675988
      },
      {
        "id": 30002,
        "distance": 45648.49395106042
      },
      {
        "id": 40007,
        "distance": 47782.999068706435
      },
      {
        "id": 40002,
        "distance": 51896.3871574891
      },
      {
        "id": 40005,
        "distance": 52810.72334289694
      }
    ]
  },
  "70007": {
    "nearest_points": [
      {
        "id": 70004,
        "distance": 3946.2007044751285
      },
      {
        "id": 70002,
        "distance": 5717.735565763775
      },
      {
        "id": 110006,
        "distance": 9244.593014297601
      },
      {
        "id": 60005,
        "distance": 11859.595271340419
      },
      {
        "id": 110003,
        "distance": 12268.251709188233
      },
      {
        "id": 80002,
        "distance": 12811.127975318957
      },
      {
        "id": 80007,
        "distance": 13574.424481354634
      },
      {
        "id": 80004,
        "distance": 13770.439353920412
      },
      {
        "id": 60002,
        "distance": 13935.924798878616
      },
      {
        "id": 110001,
        "distance": 14265.430242372642
      },
      {
        "id": 60007,
        "distance": 15061.54042586614
      },
      {
        "id": 100007,
        "distance": 21219.095173922946
      },
      {
        "id": 90007,
        "distance": 21661.082613756866
      },
      {
        "id": 50008,
        "distance": 22978.685776170925
      },
      {
        "id": 100004,
        "distance": 25365.97130014934
      },
      {
        "id": 50002,
        "distance": 25890.925051067603
      },
      {
        "id": 50005,
        "distance": 26019.463868419734
      },
      {
        "id": 90004,
        "distance": 28068.220463720176
      },
      {
        "id": 100002,
        "distance": 28761.12828106714
      },
      {
        "id": 20006,
        "distance": 29629.96793788343
      },
      {
        "id": 90002,
        "distance": 30554.909589131497
      },
      {
        "id": 20003,
        "distance": 33165.267977207724
      },
      {
        "id": 20001,
        "distance": 35816.8256549907
      },
      {
        "id": 30007,
        "distance": 41011.03510032391
      },
      {
        "id": 30004,
        "distance": 44507.3870273239
      },
      {
        "id": 30002,
        "distance": 46361.86471659655
      },
      {
        "id": 40007,
        "distance": 46802.2168278384
      },
      {
        "id": 40002,
        "distance": 51201.29392896238
      },
      {
        "id": 40005,
        "distance": 51778.90497104009
      }
    ]
  },
  "80002": {
    "nearest_points": [
      {
        "id": 80004,
        "distance": 5375.872022286245
      },
      {
        "id": 70004,
        "distance": 10573.19724586655
      },
      {
        "id": 80007,
        "distance": 10600.0
      },
      {
        "id": 70002,
        "distance": 12572.68865438097
      },
      {
        "id": 70007,
        "distance": 12811.127975318957
      },
      {
        "id": 90007,
        "distance": 13650.0
      },
      {
        "id": 110006,
        "distance": 15599.759613532511
      },
      {
        "id": 110003,
        "distance": 16762.905476080214
      },
      {
        "id": 110001,
        "distance": 17780.6777148679
      },
      {
        "id": 90004,
        "distance": 21000.0
      },
      {
        "id": 100007,
        "distance": 21251.47053735341
      },
      {
        "id": 90002,
        "distance": 22016.41433113031
      },
      {
        "id": 60005,
        "distance": 24670.32630509779
      },
      {
        "id": 100004,
        "distance": 24671.896968007954
      },
      {
        "id": 60002,
        "distance": 26495.754376880835
      },
      {
        "id": 100002,
        "distance": 26868.61552071487
      },
      {
        "id": 60007,
        "distance": 27864.403815621106
      },
      {
        "id": 20006,
        "distance": 34582.29315704787
      },
      {
        "id": 50008,
        "distance": 35504.43634251923
      },
      {
        "id": 50002,
        "distance": 37367.69995597802
      },
      {
        "id": 50005,
        "distance": 38510.55050242726
      },
      {
        "id": 20003,
        "distance": 39528.913468497965
      },
      {
        "id": 20001,
        "distance": 42888.634858199905
      },
      {
        "id": 30007,
        "distance": 50687.424475899345
      },
      {
        "id": 30004,
        "distance": 52996.43855958625
      },
      {
        "id": 30002,
        "distance": 54723.37252034088
      },
      {
        "id": 40007,
        "distance": 58238.582572037245
      },
      {
        "id": 40002,
        "distance": 62213.88510614009
      },
      {
        "id": 40005,
        "distance": 63277.52365571839
      }
    ]
  },
  "80004": {
    "nearest_points": [
      {
        "id": 80002,
        "distance": 5375.872022286245
      },
      {
        "id": 80007,
        "distance": 5756.735185849701
      },
      {
        "id": 70004,
        "distance": 13016.23985642551
      },
      {
        "id": 70007,
        "distance": 13770.439353920412
      },
      {
        "id": 70002,
        "distance": 15596.233519667498
      },
      {
        "id": 90007,
        "distance": 18826.908933757553
      },
      {
        "id": 110006,
        "distance": 19182.34865703363
      },
      {
        "id": 110003,
        "distance": 20922.117483658294
      },
      {
        "id": 110001,
        "distance": 22221.667354183843
      },
      {
        "id": 60005,
        "distance": 25148.061555515567
      },
      {
        "id": 90004,
        "distance": 26155.305389155754
      },
      {
        "id": 100007,
        "distance": 26389.865479005384
      },
      {
        "id": 90002,
        "distance": 26848.69643018074
      },
      {
        "id": 60002,
        "distance": 27651.13017581741
      },
      {
        "id": 60007,
        "distance": 28107.383371633867
      },
      {
        "id": 100004,
        "distance": 29930.461072292223
      },
      {
        "id": 100002,
        "distance": 32217.270213349857
      },
      {
        "id": 50008,
        "distance": 36668.037853149435
      },
      {
        "id": 20006,
        "distance": 39136.74743767039
      },
      {
        "id": 50002,
        "distance": 39546.997357574444
      },
      {
        "id": 50005,
        "distance": 39716.652678693856
      },
      {
        "id": 20003,
        "distance": 43802.79671436517
      },
      {
        "id": 20001,
        "distance": 46998.35103490334
      },
      {
        "id": 30007,
        "distance": 53916.64863472135
      },
      {
        "id": 30004,
        "distance": 56712.27821204153
      },
      {
        "id": 30002,
        "distance": 58492.28581616554
      },
      {
        "id": 40007,
        "distance": 60489.44122737455
      },
      {
        "id": 40002,
        "distance": 64763.01027592834
      },
      {
        "id": 40005,
        "distance": 65486.296276396635
      }
    ]
  },
  "80007": {
    "nearest_points": [
      {
        "id": 80004,
        "distance": 5756.735185849701
      },
      {
        "id": 80002,
        "distance": 10600.0
      },
      {
        "id": 70007,
        "distance": 13574.424481354634
      },
      {
        "id": 70004,
        "distance": 14467.636296230286
      },
      {
        "id": 70002,
        "distance": 17293.134475854862
      },
      {
        "id": 110006,
        "distance": 21189.443126236234
      },
      {
        "id": 60005,
        "distance": 23368.461652406648
      },
      {
        "id": 110003,
        "distance": 23524.77417532419
      },
      {
        "id": 90007,
        "distance": 24250.0
      },
      {
        "id": 110001,
        "distance": 25140.256561936672
      },
      {
        "id": 60007,
        "distance": 25953.901440823884
      },
      {
        "id": 60002,
        "distance": 26475.743615619183
      },
      {
        "id": 100007,
        "distance": 30351.35911289641
      },
      {
        "id": 90004,
        "distance": 31600.0
      },
      {
        "id": 90002,
        "distance": 32497.115256588546
      },
      {
        "id": 100004,
        "distance": 34150.58564651564
      },
      {
        "id": 50008,
        "distance": 35219.66780081834
      },
      {
        "id": 100002,
        "distance": 36763.60292463186
      },
      {
        "id": 50005,
        "distance": 38248.16989085883
      },
      {
        "id": 50002,
        "distance": 39154.629355926736
      },
      {
        "id": 20006,
        "distance": 41849.4324931653
      },
      {
        "id": 20003,
        "distance": 46021.462384413644
      },
      {
        "id": 20001,
        "distance": 48937.46008938347
      },
      {
        "id": 30007,
        "distance": 54584.20101091524
      },
      {
        "id": 30004,
        "distance": 58000.538790600905
      },
      {
        "id": 30002,
        "distance": 59840.015875666344
      },
      {
        "id": 40007,
        "distance": 59907.36599117007
      },
      {
        "id": 40002,
        "distance": 64497.654996131445
      },
      {
        "id": 40005,
        "distance": 64816.70309418707
      }
    ]
  },
  "90002": {
    "nearest_points": [
      {
        "id": 90004,
        "distance": 4052.468383590426
      },
      {
        "id": 90007,
        "distance": 8944.27190999916
      },
      {
        "id": 100002,
        "distance": 15495.967217311736
      },
      {
        "id": 100004,
        "distance": 16962.45854821759
      },
      {
        "id": 100007,
        "distance": 17616.540523042542
      },
      {
        "id": 80002,
        "distance": 22016.41433113031
      },
      {
        "id": 110001,
        "distance": 22467.643401122423
      },
      {
        "id": 110003,
        "distance": 23630.54167809109
      },
      {
        "id": 110006,
        "distance": 25635.03462061247
      },
      {
        "id": 70002,
        "distance": 26159.89296614189
      },
      {
        "id": 70004,
        "distance": 26668.8019978401
      },
      {
        "id": 80004,
        "distance": 26848.69643018074
      },
      {
        "id": 70007,
        "distance": 30554.909589131497
      },
      {
        "id": 20006,
        "distance": 31560.85391747188
      },
      {
        "id": 80007,
        "distance": 32497.115256588546
      },
      {
        "id": 20003,
        "distance": 37559.12006424006
      },
      {
        "id": 60002,
        "distance": 40323.7213064469
      },
      {
        "id": 60005,
        "distance": 40454.57328906091
      },
      {
        "id": 20001,
        "distance": 41458.262143992484
      },
      {
        "id": 60007,
        "distance": 43683.43507555238
      },
      {
        "id": 50002,
        "distance": 46152.70847956813
      },
      {
        "id": 50008,
        "distance": 47911.50696857698
      },
      {
        "id": 50005,
        "distance": 50422.31648784097
      },
      {
        "id": 30004,
        "distance": 52706.49865054593
      },
      {
        "id": 30007,
        "distance": 53246.33790224451
      },
      {
        "id": 30002,
        "distance": 53955.676253754806
      },
      {
        "id": 40007,
        "distance": 64560.475524890615
      },
      {
        "id": 40002,
        "distance": 66984.58777957807
      },
      {
        "id": 40005,
        "distance": 69431.74706141277
      }
    ]
  },
  "90004": {
    "nearest_points": [
      {
        "id": 90002,
        "distance": 4052.468383590426
      },
      {
        "id": 90007,
        "distance": 7350.0
      },
      {
        "id": 100002,
        "distance": 11752.55291415444
      },
      {
        "id": 100004,
        "distance": 12950.0
      },
      {
        "id": 100007,
        "distance": 13598.713174414703
      },
      {
        "id": 110001,
        "distance": 18813.625381621692
      },
      {
        "id": 110003,
        "distance": 20122.002882417048
      },
      {
        "id": 80002,
        "distance": 21000.0
      },
      {
        "id": 110006,
        "distance": 22350.671130863164
      },
      {
        "id": 70002,
        "distance": 23288.892202077797
      },
      {
        "id": 70004,
        "distance": 24128.66552464102
      },
      {
        "id": 80004,
        "distance": 26155.305389155754
      },
      {
        "id": 20006,
        "distance": 27552.40461375377
      },
      {
        "id": 70007,
        "distance": 28068.220463720176
      },
      {
        "id": 80007,
        "distance": 31600.0
      },
      {
        "id": 20003,
        "distance": 33551.97460657122
      },
      {
        "id": 60002,
        "distance": 36982.76625673099
      },
      {
        "id": 60005,
        "distance": 37364.75612124345
      },
      {
        "id": 20001,
        "distance": 37451.76898358741
      },
      {
        "id": 60007,
        "distance": 40542.87853618684
      },
      {
        "id": 50002,
        "distance": 42297.1039197721
      },
      {
        "id": 50008,
        "distance": 44317.77295848698
      },
      {
        "id": 50005,
        "distance": 46760.693964054895
      },
      {
        "id": 30004,
        "distance": 48701.36035061033
      },
      {
        "id": 30007,
        "distance": 49194.66434482504
      },
      {
        "id": 30002,
        "distance": 49969.46567655091
      },
      {
        "id": 40007,
        "distance": 60537.034119619704
      },
      {
        "id": 40002,
        "distance": 62935.42325272787
      },
      {
        "id": 40005,
        "distance": 65399.12078919716
      }
    ]
  },
  "90007": {
    "nearest_points": [
      {
        "id": 90004,
        "distance": 7350.0
      },
      {
        "id": 90002,
        "distance": 8944.27190999916
      },
      {
        "id": 100007,
        "distance": 13339.508986465731
      },
      {
        "id": 80002,
        "distance": 13650.0
      },
      {
        "id": 100004,
        "distance": 14890.433170327853
      },
      {
        "id": 110001,
        "distance": 15504.676713817673
      },
      {
        "id": 100002,
        "distance": 15560.366319595436
      },
      {
        "id": 110003,
        "distance": 16161.760423914222
      },
      {
        "id": 70002,
        "distance": 17536.81841155915
      },
      {
        "id": 110006,
        "distance": 17594.17517248251
      },
      {
        "id": 70004,
        "distance": 17810.811323463062
      },
      {
        "id": 80004,
        "distance": 18826.908933757553
      },
      {
        "id": 70007,
        "distance": 21661.082613756866
      },
      {
        "id": 80007,
        "distance": 24250.0
      },
      {
        "id": 20006,
        "distance": 28490.12986983387
      },
      {
        "id": 60005,
        "distance": 31940.13932342813
      },
      {
        "id": 60002,
        "distance": 32162.12834997087
      },
      {
        "id": 20003,
        "distance": 34326.19262312673
      },
      {
        "id": 60007,
        "distance": 35211.397302578036
      },
      {
        "id": 20001,
        "distance": 38146.91992808856
      },
      {
        "id": 50002,
        "distance": 39386.196820713725
      },
      {
        "id": 50008,
        "distance": 40218.31050653421
      },
      {
        "id": 50005,
        "distance": 42895.33774199709
      },
      {
        "id": 30007,
        "distance": 48702.900324313334
      },
      {
        "id": 30004,
        "distance": 49237.94268650956
      },
      {
        "id": 30002,
        "distance": 50703.20502690141
      },
      {
        "id": 40007,
        "distance": 58896.98634055906
      },
      {
        "id": 40002,
        "distance": 61878.388796089384
      },
      {
        "id": 40005,
        "distance": 63884.01599774391
      }
    ]
  },
  "100002": {
    "nearest_points": [
      {
        "id": 100004,
        "distance": 3801.3155617496423
      },
      {
        "id": 100007,
        "distance": 7739.02448632901
      },
      {
        "id": 90004,
        "distance": 11752.55291415444
      },
      {
        "id": 110001,
        "distance": 15271.542161811949
      },
      {
        "id": 90002,
        "distance": 15495.967217311736
      },
      {
        "id": 90007,
        "distance": 15560.366319595436
      },
      {
        "id": 20006,
        "distance": 16675.206145652293
      },
      {
        "id": 110003,
        "distance": 17265.645079173846
      },
      {
        "id": 110006,
        "distance": 20351.412727375955
      },
      {
        "id": 20003,
        "distance": 22575.70596902786
      },
      {
        "id": 70002,
        "distance": 23083.868826520393
      },
      {
        "id": 70004,
        "distance": 25109.759058979438
      },
      {
        "id": 20001,
        "distance": 26435.061944319328
      },
      {
        "id": 80002,
        "distance": 26868.61552071487
      },
      {
        "id": 70007,
        "distance": 28761.12828106714
      },
      {
        "id": 80004,
        "distance": 32217.270213349857
      },
      {
        "id": 60002,
        "distance": 33183.61794620954
      },
      {
        "id": 60005,
        "distance": 34785.377675109405
      },
      {
        "id": 50002,
        "distance": 34953.86244751787
      },
      {
        "id": 80007,
        "distance": 36763.60292463186
      },
      {
        "id": 60007,
        "distance": 37547.203624238115
      },
      {
        "id": 30004,
        "distance": 37614.824205358185
      },
      {
        "id": 50008,
        "distance": 38744.193113291185
      },
      {
        "id": 30002,
        "distance": 38755.83826986587
      },
      {
        "id": 30007,
        "distance": 38855.46937047602
      },
      {
        "id": 50005,
        "distance": 40681.506855080974
      },
      {
        "id": 40007,
        "distance": 51099.95107629752
      },
      {
        "id": 40002,
        "distance": 52895.037574426584
      },
      {
        "id": 40005,
        "distance": 55766.41014087244
      }
    ]
  },
  "100004": {
    "nearest_points": [
      {
        "id": 100002,
        "distance": 3801.3155617496423
      },
      {
        "id": 100007,
        "distance": 4150.0
      },
      {
        "id": 110001,
        "distance": 11595.257651298654
      },
      {
        "id": 90004,
        "distance": 12950.0
      },
      {
        "id": 110003,
        "distance": 13615.891450801155
      },
      {
        "id": 20006,
        "distance": 14604.536966299205
      },
      {
        "id": 90007,
        "distance": 14890.433170327853
      },
      {
        "id": 110006,
        "distance": 16734.69449975111
      },
      {
        "id": 90002,
        "distance": 16962.45854821759
      },
      {
        "id": 70002,
        "distance": 19655.151996359633
      },
      {
        "id": 20003,
        "distance": 20603.21576841829
      },
      {
        "id": 70004,
        "distance": 21832.31549790356
      },
      {
        "id": 20001,
        "distance": 24502.703932423457
      },
      {
        "id": 80002,
        "distance": 24671.896968007954
      },
      {
        "id": 70007,
        "distance": 25365.97130014934
      },
      {
        "id": 60002,
        "distance": 29382.350144261774
      },
      {
        "id": 80004,
        "distance": 29930.461072292223
      },
      {
        "id": 60005,
        "distance": 31010.52240772477
      },
      {
        "id": 50002,
        "distance": 31454.45119533959
      },
      {
        "id": 60007,
        "distance": 33753.85163207304
      },
      {
        "id": 80007,
        "distance": 34150.58564651564
      },
      {
        "id": 50008,
        "distance": 35022.31431530475
      },
      {
        "id": 30004,
        "distance": 35751.85309882552
      },
      {
        "id": 30007,
        "distance": 36420.976098946056
      },
      {
        "id": 50005,
        "distance": 37014.38909397263
      },
      {
        "id": 30002,
        "distance": 37026.27445477063
      },
      {
        "id": 40007,
        "distance": 48245.67338114372
      },
      {
        "id": 40002,
        "distance": 50317.34293461848
      },
      {
        "id": 40005,
        "distance": 53001.532996697366
      }
    ]
  },
  "100007": {
    "nearest_points": [
      {
        "id": 100004,
        "distance": 4150.0
      },
      {
        "id": 110001,
        "distance": 7553.310532475148
      },
      {
        "id": 100002,
        "distance": 7739.02448632901
      },
      {
        "id": 110003,
        "distance": 9538.343671728337
      },
      {
        "id": 110006,
        "distance": 12629.03400898105
      },
      {
        "id": 90007,
        "distance": 13339.508986465731
      },
      {
        "id": 90004,
        "distance": 13598.713174414703
      },
      {
        "id": 20006,
        "distance": 15155.36208739336
      },
      {
        "id": 70002,
        "distance": 15506.530882179934
      },
      {
        "id": 90002,
        "distance": 17616.540523042542
      },
      {
        "id": 70004,
        "distance": 17713.34242880208
      },
      {
        "id": 20003,
        "distance": 20997.261726234687
      },
      {
        "id": 70007,
        "distance": 21219.095173922946
      },
      {
        "id": 80002,
        "distance": 21251.47053735341
      },
      {
        "id": 20001,
        "distance": 24834.955204308302
      },
      {
        "id": 60002,
        "distance": 25726.251184344757
      },
      {
        "id": 80004,
        "distance": 26389.865479005384
      },
      {
        "id": 60005,
        "distance": 27131.16289435453
      },
      {
        "id": 50002,
        "distance": 29014.651471282574
      },
      {
        "id": 60007,
        "distance": 29966.648127543394
      },
      {
        "id": 80007,
        "distance": 30351.35911289641
      },
      {
        "id": 50008,
        "distance": 31900.0
      },
      {
        "id": 50005,
        "distance": 34075.100880261525
      },
      {
        "id": 30007,
        "distance": 35861.19072200476
      },
      {
        "id": 30004,
        "distance": 35980.37659613918
      },
      {
        "id": 30002,
        "distance": 37408.18760645856
      },
      {
        "id": 40007,
        "distance": 46944.30210366323
      },
      {
        "id": 40002,
        "distance": 49437.460493030994
      },
      {
        "id": 40005,
        "distance": 51819.735622637054
      }
    ]
  }
}